subject,eye,cohort,pairing_status,audit_edit_threshold_px,audit_edited_columns,audit_unchanged_columns,audit_edit_fraction,raw_edit_mabe_um,unet_edit_mabe_um,audit_correction_gain,audit_edit_recovery_rate,unet_unchanged_mabe_um,audit_unchanged_preservation_rate,unet_cup_presence_recall,unet_cup_edge_valid_slices,unet_cup_left_edge_mae_um,unet_cup_right_edge_mae_um,unet_cup_width_mae_um,raw_cup_edge_valid_slices,raw_cup_left_edge_mae_um,raw_cup_right_edge_mae_um,raw_cup_width_mae_um
BEH0086,OD,Validation (Held-Out),missing_raw_annotation,1.0,0,0,,,,,,,,0.9885057471264368,86,23.546511627906977,26.162790697674417,27.906976744186046,0,,,
BEH0086,OS,Validation (Held-Out),missing_raw_annotation,1.0,0,0,,,,,,,,0.9875,79,25.395569620253166,44.14556962025316,47.70569620253165,0,,,
BEH0090,OD,Training / Benchmark,missing_raw_annotation,1.0,0,0,,,,,,,,1.0,93,39.314516129032256,87.70161290322581,118.54838709677419,0,,,
BEH0090,OS,Training / Benchmark,missing_raw_annotation,1.0,0,0,,,,,,,,1.0,92,43.00271739130435,34.23913043478261,73.98097826086956,0,,,
BEH0096,OD,Training / Benchmark,missing_raw_annotation,1.0,0,0,,,,,,,,0.98989898989899,98,29.846938775510203,53.57142857142857,54.33673469387755,0,,,
BEH0096,OS,Training / Benchmark,missing_raw_annotation,1.0,0,0,,,,,,,,0.9900990099009901,100,35.25,46.3125,39.9375,0,,,
BEH0174,OD,Training / Benchmark,material_edits,1.0,8148,41471,0.16421129003002882,9.605622238586156,4.3079105301914575,0.5515219708634371,0.5677466863033873,2.688093607581201,0.8055508668708254,1.0,87,25.43103448275862,35.3448275862069,32.758620689655174,87,19.82758620689655,42.456896551724135,51.077586206896555
BEH0174,OS,Training / Benchmark,material_edits,1.0,17069,36034,0.321431934165678,26.589677192571326,4.469538637295682,0.8319069989106753,0.6298552932216298,2.827897957484598,0.7836765277238164,1.0,92,25.679347826086957,62.77173913043478,60.32608695652174,53,391.9811320754717,265.6839622641509,657.6650943396227
BEH0181,OD,Training / Benchmark,unedited_mirror,1.0,2,54571,3.664815934619684e-05,3.09,2.3175,0.25,0.5,3.2039264444485167,0.7512048523941287,0.9894736842105263,94,67.81914893617021,35.1063829787234,64.22872340425532,95,0.0,0.0,0.0
BEH0181,OS,Training / Benchmark,material_edits,1.0,9106,42478,0.17652760545905707,9.156322205139467,5.053571820777509,0.4480784197457658,0.5543597627937623,2.6809267150054144,0.8186826121757145,1.0,90,57.5,36.875,47.708333333333336,90,30.833333333333332,39.375,28.958333333333332
BEH0185,OD,Training / Benchmark,missing_raw_annotation,1.0,0,0,,,,,,,,1.0,85,45.44117647058823,34.85294117647059,74.55882352941177,0,,,
BEH0185,OS,Training / Benchmark,missing_raw_annotation,1.0,0,0,,,,,,,,0.975609756097561,80,81.328125,106.171875,73.125,0,,,
BEH0241,OD,Training / Benchmark,missing_raw_annotation,1.0,0,0,,,,,,,,1.0,71,45.15845070422535,49.647887323943664,84.24295774647888,0,,,
BEH0241,OS,Training / Benchmark,missing_raw_annotation,1.0,0,0,,,,,,,,1.0,70,53.839285714285715,44.464285714285715,98.30357142857143,0,,,
BEH0249,OD,Training / Benchmark,missing_raw_annotation,1.0,0,0,,,,,,,,0.9733333333333334,73,67.29452054794521,17.208904109589042,68.57876712328768,0,,,
BEH0249,OS,Training / Benchmark,missing_raw_annotation,1.0,0,0,,,,,,,,1.0,78,34.375,37.25961538461539,63.46153846153846,0,,,
BEH0259,OD,Training / Benchmark,missing_raw_annotation,1.0,0,0,,,,,,,,1.0,100,24.0,22.5,31.5,0,,,
BEH0259,OS,Training / Benchmark,missing_raw_annotation,1.0,0,0,,,,,,,,0.9801980198019802,99,48.29545454545455,40.34090909090909,62.121212121212125,0,,,
BEH0264,OD,Training / Benchmark,missing_raw_annotation,1.0,0,0,,,,,,,,1.0,69,33.96739130434783,45.108695652173914,55.70652173913044,0,,,
BEH0264,OS,Training / Benchmark,missing_raw_annotation,1.0,0,0,,,,,,,,1.0,76,118.42105263157895,83.38815789473684,201.31578947368422,0,,,
BEH0282,OD,Training / Benchmark,missing_raw_annotation,1.0,0,0,,,,,,,,1.0,75,42.75,23.25,51.0,0,,,
BEH0282,OS,Training / Benchmark,missing_raw_annotation,1.0,0,0,,,,,,,,0.9863013698630136,72,31.770833333333332,50.0,39.0625,0,,,
BEH0284,OD,Training / Benchmark,missing_raw_annotation,1.0,0,0,,,,,,,,1.0,85,31.764705882352942,29.558823529411764,54.705882352941174,0,,,
BEH0284,OS,Training / Benchmark,missing_raw_annotation,1.0,0,0,,,,,,,,1.0,89,31.81179775280899,86.16573033707866,78.79213483146067,0,,,
BEH0287,OD,Training / Benchmark,missing_raw_annotation,1.0,0,0,,,,,,,,1.0,75,111.75,20.0,108.25,0,,,
BEH0287,OS,Training / Benchmark,missing_raw_annotation,1.0,0,0,,,,,,,,1.0,82,16.692073170731707,81.6310975609756,91.0060975609756,0,,,
BEH0294,OD,Training / Benchmark,missing_raw_annotation,1.0,0,0,,,,,,,,0.9603960396039604,97,124.87113402061856,42.91237113402062,167.01030927835052,0,,,
BEH0294,OS,Training / Benchmark,missing_raw_annotation,1.0,0,0,,,,,,,,1.0,99,15.909090909090908,61.93181818181818,65.3409090909091,0,,,
BEH0310,OD,Training / Benchmark,material_edits,1.0,15234,38319,0.28446585625455156,25.77352894840488,3.79799822764868,0.8526395731352211,0.6674543783641854,2.746478509355672,0.7991596857955583,0.9789473684210527,93,47.78225806451613,28.225806451612904,66.33064516129032,51,900.7352941176471,43.75,944.4852941176471
BEH0310,OS,Training / Benchmark,unedited_mirror,1.0,0,49603,0.0,,,,,3.433804003790093,0.7343709049855855,1.0,87,28.663793103448278,29.74137931034483,56.25,87,0.0,0.0,0.0
BEH0314,OD,Validation (Held-Out),material_edits,1.0,12822,31334,0.29037956336624693,32.98771408516612,8.232047262517547,0.7504511151859617,0.646622991732959,3.4315034786493905,0.7588242803344609,1.0,79,39.16139240506329,50.55379746835443,80.22151898734177,60,802.8125,541.5625,268.125
BEH0314,OS,Validation (Held-Out),material_edits,1.0,9381,37225,0.2012830965970047,7.802571154461145,10.352043492165015,-0.32674772036474176,0.3076431084106172,3.46441087978509,0.7262055070517126,1.0,81,66.66666666666667,55.092592592592595,56.48148148148148,81,38.19444444444444,36.342592592592595,18.98148148148148
BEH0321,OD,Training / Benchmark,material_edits,1.0,11109,39757,0.21839735776353555,13.061779638131245,3.989824466648663,0.6945420473178731,0.6470429381582501,2.7728935784893225,0.7877103403174284,0.978021978021978,89,55.61797752808989,72.47191011235955,121.76966292134831,89,94.38202247191012,38.764044943820224,69.52247191011236
BEH0321,OS,Training / Benchmark,unedited_mirror,1.0,0,53312,0.0,,,,,3.3767604854441773,0.7220700780312125,1.0,94,56.44946808510638,74.80053191489361,60.23936170212766,94,0.0,0.0,0.0
BEH0335,OD,Validation (Held-Out),material_edits,1.0,14865,33747,0.3057886941495927,31.0598526740666,12.44657820383451,0.5992711770256796,0.4685502859064918,10.215898746555249,0.27575784514179036,1.0,94,179.3218085106383,190.8909574468085,334.7074468085106,94,341.88829787234044,158.1781914893617,496.07712765957444
BEH0335,OS,Validation (Held-Out),unedited_mirror,1.0,4,57597,6.944323883265915e-05,3.09,120.50999999999999,-38.0,0.0,18.50782423563727,0.20683368925464868,1.0,101,63.304455445544555,74.25742574257426,86.32425742574257,101,0.0,0.0,0.0
BEH0349,OD,Training / Benchmark,material_edits,1.0,9947,42006,0.19146151329085906,9.151333065245803,4.487598270835428,0.5096235445873927,0.613551824670755,3.00702328238823,0.7696281483597581,1.0,90,20.833333333333332,58.75,72.08333333333333,90,31.25,33.541666666666664,38.541666666666664
BEH0349,OS,Training / Benchmark,unedited_mirror,1.0,0,51238,0.0,,,,,3.0372918537023303,0.7675553300284945,1.0,89,28.441011235955056,24.859550561797754,35.603932584269664,89,0.0,0.0,0.0
BEH0354,OD,Training / Benchmark,material_edits,1.0,6956,41725,0.14288942297816395,7.322091719378952,4.196554054054054,0.4268640417399745,0.5625359401955147,2.7364921509886155,0.7948951467944877,1.0,84,28.125,24.330357142857142,25.223214285714285,84,27.678571428571427,11.160714285714286,22.767857142857142
BEH0354,OS,Training / Benchmark,material_edits,1.0,1445,47336,0.029622188967015847,3.2054740484429063,2.7638927335640138,0.1377585056704469,0.37993079584775086,3.1164702340713197,0.7660131823559236,1.0,85,20.294117647058822,46.76470588235294,43.6764705882353,85,0.0,0.0,0.0
BEH0364,OD,Training / Benchmark,missing_raw_annotation,1.0,0,0,,,,,,,,0.9789473684210527,93,17.137096774193548,29.637096774193548,41.12903225806452,0,,,
BEH0364,OS,Training / Benchmark,missing_raw_annotation,1.0,0,0,,,,,,,,0.9791666666666666,94,41.28989361702128,49.2686170212766,53.058510638297875,0,,,
BEH0398,OD,Training / Benchmark,unedited_mirror,1.0,0,49080,0.0,,,,,3.2167038508557457,0.7474123879380603,1.0,85,49.411764705882355,23.823529411764707,57.794117647058826,85,0.0,0.0,0.0
BEH0398,OS,Training / Benchmark,unedited_mirror,1.0,0,51489,0.0,,,,,3.1291283575132547,0.7647652896735225,0.9775280898876404,87,33.4051724137931,30.81896551724138,53.44827586206897,89,0.0,0.0,0.0
BEH0410,OD,Training / Benchmark,unedited_mirror,1.0,0,59699,0.0,,,,,3.2502220305197738,0.7411346923734066,0.9908256880733946,108,26.90972222222222,20.48611111111111,41.49305555555556,109,0.0,0.0,0.0
BEH0410,OS,Training / Benchmark,material_edits,1.0,4374,55349,0.07323811596872226,3.7420507544581616,4.072314814814815,-0.08825750424768763,0.31047096479195246,3.1375371732099944,0.760917089739652,1.0,106,26.53301886792453,68.63207547169812,75.0,106,0.0,0.0,0.0
