subject,eye,cohort,pairing_status,audit_edit_threshold_px,audit_edited_columns,audit_unchanged_columns,audit_edit_fraction,raw_edit_mabe_um,unet_edit_mabe_um,delta_edit_mabe_um,audit_correction_gain,audit_symmetric_gain,audit_ratio_gain,audit_edit_recovery_rate,unet_unchanged_mabe_um,audit_unchanged_preservation_rate,unet_cup_presence_recall,unet_cup_edge_valid_slices,unet_cup_left_edge_mae_um,unet_cup_right_edge_mae_um,unet_cup_width_mae_um,raw_cup_edge_valid_slices,raw_cup_left_edge_mae_um,raw_cup_right_edge_mae_um,raw_cup_width_mae_um
BEH0030,OD,Held Out,missing_raw_annotation,1.0,0,0,,,,,,,,,,,0.8932038834951457,92,88.8586956521739,279.00815217391306,367.86684782608694,0,,,
BEH0030,OS,Held Out,missing_raw_annotation,1.0,0,0,,,,,,,,,,,1.0,99,49.053030303030305,49.053030303030305,36.36363636363637,0,,,
BEH0043,OD,Held Out,missing_raw_annotation,1.0,0,0,,,,,,,,,,,1.0,68,39.981617647058826,77.75735294117646,87.40808823529412,0,,,
BEH0043,OS,Held Out,missing_raw_annotation,1.0,0,0,,,,,,,,,,,1.0,78,23.798076923076923,72.83653846153847,85.57692307692308,0,,,
BEH0084,OD,Held Out,missing_raw_annotation,1.0,0,0,,,,,,,,,,,0.9861111111111112,71,60.2112676056338,73.67957746478874,66.28521126760563,0,,,
BEH0084,OS,Held Out,missing_raw_annotation,1.0,0,0,,,,,,,,,,,1.0,81,30.555555555555557,14.351851851851851,41.2037037037037,0,,,
BEH0090,OD,Held Out,missing_raw_annotation,1.0,0,0,,,,,,,,,,,1.0,93,30.443548387096776,67.94354838709677,73.38709677419355,0,,,
BEH0090,OS,Held Out,missing_raw_annotation,1.0,0,0,,,,,,,,,,,0.9891304347826086,91,60.782967032967036,42.44505494505494,44.71153846153846,0,,,
BEH0174,OD,Held Out,material_edits,1.0,8148,41471,0.16421129003002882,9.710289326215022,12.885713799705451,-3.1754244734904287,-0.32701646334241397,-0.14053036086934395,-0.32701646334241397,0.2819096710849288,9.174344803356563,0.19951291263774687,1.0,87,61.85344827586207,47.41379310344828,109.26724137931035,87,19.82758620689655,42.456896551724135,51.077586206896555
BEH0174,OS,Held Out,material_edits,1.0,17069,36034,0.321431934165678,26.87941001816158,12.01823294129709,14.86117707686449,0.5528833061002179,0.3820585502405288,0.5528833061002179,0.4003749487374773,9.321858618249431,0.1760559471610146,1.0,92,35.25815217391305,134.3070652173913,158.55978260869566,53,391.9811320754717,265.6839622641509,657.6650943396227
BEH0249,OD,Held Out,missing_raw_annotation,1.0,0,0,,,,,,,,,,,1.0,75,132.75,89.5,222.25,0,,,
BEH0249,OS,Held Out,missing_raw_annotation,1.0,0,0,,,,,,,,,,,1.0,78,37.5,129.08653846153845,158.41346153846155,0,,,
BEH0259,OD,Held Out,missing_raw_annotation,1.0,0,0,,,,,,,,,,,1.0,100,60.0,29.8125,47.8125,0,,,
BEH0259,OS,Held Out,missing_raw_annotation,1.0,0,0,,,,,,,,,,,0.9801980198019802,99,90.15151515151516,64.96212121212122,68.75,0,,,
BEH0264,OD,Held Out,missing_raw_annotation,1.0,0,0,,,,,,,,,,,1.0,69,40.76086956521739,57.33695652173913,88.8586956521739,0,,,
BEH0264,OS,Held Out,missing_raw_annotation,1.0,0,0,,,,,,,,,,,1.0,76,181.08552631578948,156.16776315789474,337.2532894736842,0,,,
BEH0279,OD,Held Out,missing_raw_annotation,1.0,0,0,,,,,,,,,,,0.9540229885057471,83,41.34036144578313,130.12048192771084,158.81024096385542,0,,,
BEH0279,OS,Held Out,missing_raw_annotation,1.0,0,0,,,,,,,,,,,1.0,91,39.354395604395606,70.87912087912088,83.85989010989012,0,,,
BEH0284,OD,Held Out,missing_raw_annotation,1.0,0,0,,,,,,,,,,,1.0,85,65.73529411764706,50.51470588235294,114.04411764705883,0,,,
BEH0284,OS,Held Out,missing_raw_annotation,1.0,0,0,,,,,,,,,,,1.0,89,65.09831460674157,70.78651685393258,74.36797752808988,0,,,
BEH0289,OD,Held Out,missing_raw_annotation,1.0,0,0,,,,,,,,,,,1.0,78,93.50961538461539,62.25961538461539,155.28846153846155,0,,,
BEH0289,OS,Held Out,missing_raw_annotation,1.0,0,0,,,,,,,,,,,1.0,86,51.67151162790697,48.83720930232558,63.88081395348837,0,,,
BEH0290,OD,Held Out,missing_raw_annotation,1.0,0,0,,,,,,,,,,,1.0,82,32.46951219512195,40.24390243902439,47.103658536585364,0,,,
BEH0290,OS,Held Out,missing_raw_annotation,1.0,0,0,,,,,,,,,,,1.0,92,37.09239130434783,63.58695652173913,68.07065217391305,0,,,
BEH0297,OD,Held Out,missing_raw_annotation,1.0,0,0,,,,,,,,,,,1.0,81,22.685185185185187,71.29629629629629,65.74074074074075,0,,,
BEH0297,OS,Held Out,missing_raw_annotation,1.0,0,0,,,,,,,,,,,1.0,87,43.31896551724138,33.4051724137931,70.6896551724138,0,,,
BEH0303,OD,Held Out,missing_raw_annotation,1.0,0,0,,,,,,,,,,,1.0,99,39.20454545454545,38.446969696969695,67.42424242424242,0,,,
BEH0303,OS,Held Out,missing_raw_annotation,1.0,0,0,,,,,,,,,,,1.0,96,68.9453125,70.3125,136.9140625,0,,,
BEH0310,OD,Held Out,material_edits,1.0,15234,38319,0.28446585625455156,26.05436866351582,9.651307813443614,16.403060850072208,0.629570459446272,0.45939644528670287,0.629570459446272,0.4769594328475778,9.823269222839844,0.13223205198465512,1.0,95,92.5657894736842,27.63157894736842,114.27631578947368,51,900.7352941176471,43.75,944.4852941176471
BEH0310,OS,Held Out,unedited_mirror,1.0,0,0,,,,,,,,,,,1.0,87,26.939655172413794,111.63793103448276,123.0603448275862,0,,,
BEH0314,OD,Held Out,material_edits,1.0,12822,31334,0.29037956336624693,33.34716273670254,7.754117331929497,25.593045404773047,0.767472951352615,0.6226824410830291,0.767472951352615,0.6101232257058181,7.617870898065998,0.31875917533669496,1.0,79,57.91139240506329,29.430379746835442,75.4746835443038,60,802.8125,541.5625,268.125
BEH0314,OS,Held Out,material_edits,1.0,9381,37225,0.2012830965970047,7.887591403901504,11.350399864086985,-3.4628084601854807,-0.4390197568389056,-0.17999844224628084,-0.4390197568389056,0.2763031659737768,6.585384448488919,0.4147750167897918,1.0,81,29.166666666666668,117.36111111111111,124.30555555555556,81,38.19444444444444,36.342592592592595,18.98148148148148
BEH0335,OD,Held Out,material_edits,1.0,14865,33747,0.3057886941495927,31.398294499159103,14.38164775529768,17.016646743861422,0.5419608617377978,0.3717052906986752,0.5419608617377978,0.4526067944836865,13.185118718923166,0.2898035380922749,1.0,94,126.26329787234043,135.43882978723406,197.0744680851064,94,341.88829787234044,158.1781914893617,496.07712765957444
BEH0335,OS,Held Out,unedited_mirror,1.0,0,0,,,,,,,,,,,1.0,101,87.80940594059406,109.9009900990099,129.02227722772278,0,,,
BEH0343,OD,Held Out,missing_raw_annotation,1.0,0,0,,,,,,,,,,,0.9886363636363636,87,40.73275862068966,44.827586206896555,61.422413793103445,0,,,
BEH0343,OS,Held Out,missing_raw_annotation,1.0,0,0,,,,,,,,,,,0.9655172413793104,84,30.357142857142858,49.55357142857143,66.07142857142857,0,,,
BEH0352,OD,Held Out,material_edits,1.0,19379,40317,0.32462811578665235,28.403491496465247,12.963818837659323,15.439672658805923,0.543583617553756,0.37323366044587836,0.543583617553756,0.4011042881469632,10.129749497234418,0.14008978842671826,1.0,107,134.92990654205607,41.35514018691589,153.50467289719626,65,179.1346153846154,558.1730769230769,737.3076923076923
BEH0352,OS,Held Out,material_edits,1.0,1390,67721,0.020112572528251653,3.303449568345324,8.96201148201439,-5.6585619136690655,-1.0,-0.46134115060461706,-1.712925170068027,0.1,10.495551495252581,0.18096306906277226,1.0,124,35.23185483870968,94.0524193548387,101.15927419354838,124,0.0,0.0,0.0
BEH0354,OD,Held Out,material_edits,1.0,6956,41725,0.14288942297816395,7.401876453421506,11.462961796290973,-4.061085342869466,-0.5486561912273253,-0.2152727359287781,-0.5486561912273253,0.25388154111558364,8.251616934092272,0.2552905931695626,1.0,84,38.61607142857143,19.419642857142858,47.767857142857146,84,27.678571428571427,11.160714285714286,22.767857142857142
BEH0354,OS,Held Out,material_edits,1.0,1445,47336,0.029622188967015847,3.2404023044982697,8.209091228373703,-4.968688923875433,-1.0,-0.433965826489191,-1.533355570380254,0.08442906574394464,9.686900829178638,0.1949045124218354,1.0,85,38.38235294117647,79.41176470588235,106.32352941176471,85,0.0,0.0,0.0
