subject,eye,cohort,qc_status,qc_flags,dice,mabe_um,cup_iou
BEH0030,OD,Held Out,manual_review,mask_dropout;reference_dice_below_operational_limit;reference_mabe_above_operational_limit;reference_cup_iou_below_operational_limit,0.829023,14.140718,0.787906
BEH0030,OS,Held Out,manual_review,reference_mabe_above_operational_limit,0.921069,7.519527,0.935145
BEH0043,OD,Held Out,manual_review,reference_dice_below_operational_limit;reference_mabe_above_operational_limit;reference_cup_iou_below_operational_limit,0.841605,9.807062,0.886455
BEH0043,OS,Held Out,manual_review,reference_mabe_above_operational_limit,0.864940,7.162088,0.906321
BEH0084,OD,Held Out,manual_review,reference_mabe_above_operational_limit;reference_cup_iou_below_operational_limit,0.868380,11.430005,0.881702
BEH0084,OS,Held Out,manual_review,reference_mabe_above_operational_limit,0.850277,8.048531,0.936409
BEH0090,OD,Held Out,manual_review,reference_mabe_above_operational_limit,0.871467,11.809114,0.937104
BEH0090,OS,Held Out,manual_review,reference_mabe_above_operational_limit,0.866109,9.520047,0.933493
BEH0174,OD,Held Out,manual_review,reference_mabe_above_operational_limit,0.883133,10.012147,0.925615
BEH0174,OS,Held Out,manual_review,reference_mabe_above_operational_limit;reference_cup_iou_below_operational_limit,0.865182,10.322587,0.880284
BEH0249,OD,Held Out,manual_review,reference_mabe_above_operational_limit;reference_cup_iou_below_operational_limit,0.852551,9.537761,0.828409
BEH0249,OS,Held Out,manual_review,reference_mabe_above_operational_limit;reference_cup_iou_below_operational_limit,0.878603,8.523655,0.845359
BEH0259,OD,Held Out,manual_review,mask_dropout;reference_mabe_above_operational_limit,0.882712,10.406833,0.907901
BEH0259,OS,Held Out,manual_review,reference_mabe_above_operational_limit;reference_cup_iou_below_operational_limit,0.870532,9.622647,0.899360
BEH0264,OD,Held Out,manual_review,reference_mabe_above_operational_limit;reference_cup_iou_below_operational_limit,0.857773,14.208474,0.849979
BEH0264,OS,Held Out,manual_review,reference_dice_below_operational_limit;reference_mabe_above_operational_limit;reference_cup_iou_below_operational_limit,0.766325,11.459286,0.764157
BEH0279,OD,Held Out,manual_review,reference_mabe_above_operational_limit;reference_cup_iou_below_operational_limit,0.889160,10.823866,0.793460
BEH0279,OS,Held Out,manual_review,reference_mabe_above_operational_limit,0.854483,9.420586,0.921085
BEH0284,OD,Held Out,manual_review,reference_mabe_above_operational_limit,0.886039,10.133005,0.915084
BEH0284,OS,Held Out,manual_review,reference_mabe_above_operational_limit,0.919990,10.060025,0.908254
BEH0289,OD,Held Out,manual_review,reference_mabe_above_operational_limit;reference_cup_iou_below_operational_limit,0.855515,10.704101,0.891958
BEH0289,OS,Held Out,manual_review,reference_mabe_above_operational_limit;reference_cup_iou_below_operational_limit,0.858042,9.204042,0.875761
BEH0290,OD,Held Out,manual_review,reference_mabe_above_operational_limit,0.855494,9.748637,0.918197
BEH0290,OS,Held Out,manual_review,reference_mabe_above_operational_limit,0.851543,9.236354,0.922132
BEH0297,OD,Held Out,manual_review,reference_mabe_above_operational_limit,0.857654,11.031723,0.929198
BEH0297,OS,Held Out,manual_review,reference_mabe_above_operational_limit;reference_cup_iou_below_operational_limit,0.862797,9.523505,0.886603
BEH0303,OD,Held Out,manual_review,reference_mabe_above_operational_limit,0.871753,9.513558,0.938597
BEH0303,OS,Held Out,manual_review,reference_dice_below_operational_limit;reference_mabe_above_operational_limit,0.819749,9.585051,0.910423
BEH0310,OD,Held Out,manual_review,reference_mabe_above_operational_limit,0.873677,9.785278,0.914841
BEH0310,OS,Held Out,manual_review,reference_mabe_above_operational_limit;reference_cup_iou_below_operational_limit,0.882861,10.367927,0.893394
BEH0314,OD,Held Out,manual_review,reference_mabe_above_operational_limit;reference_cup_iou_below_operational_limit,0.860149,7.706456,0.873964
BEH0314,OS,Held Out,manual_review,reference_dice_below_operational_limit;reference_mabe_above_operational_limit;reference_cup_iou_below_operational_limit,0.842480,7.689043,0.862720
BEH0335,OD,Held Out,manual_review,reference_dice_below_operational_limit;reference_mabe_above_operational_limit;reference_cup_iou_below_operational_limit,0.829726,16.228763,0.865741
BEH0335,OS,Held Out,manual_review,reference_dice_below_operational_limit;reference_mabe_above_operational_limit;reference_cup_iou_below_operational_limit,0.835113,15.345827,0.877998
BEH0343,OD,Held Out,manual_review,reference_dice_below_operational_limit;reference_mabe_above_operational_limit,0.848216,7.036805,0.916628
BEH0343,OS,Held Out,manual_review,reference_dice_below_operational_limit;reference_mabe_above_operational_limit,0.829946,7.772164,0.932327
BEH0352,OD,Held Out,manual_review,reference_dice_below_operational_limit;reference_mabe_above_operational_limit;reference_cup_iou_below_operational_limit,0.843135,11.047761,0.899626
BEH0352,OS,Held Out,manual_review,reference_dice_below_operational_limit;reference_mabe_above_operational_limit,0.845232,10.528891,0.923686
BEH0354,OD,Held Out,manual_review,reference_mabe_above_operational_limit,0.920905,9.015789,0.933452
BEH0354,OS,Held Out,manual_review,reference_mabe_above_operational_limit,0.870429,9.682397,0.910729
