variant,orientation_mode,biplanar,subject,eye,dice,mabe_um,p95_um,cup_iou,qc_status,qc_flags
corrected_biplanar,corrected,True,BEH0086,OD,0.9062548988061079,4.7564916977089124,16.756105491329475,0.9640634044063001,manual_review,mask_dropout
corrected_biplanar,corrected,True,BEH0086,OS,0.8769693145421958,5.432289852779999,18.66475155279503,0.9444800647416263,manual_review,mask_dropout;reference_mabe_above_operational_limit
corrected_biplanar,corrected,True,BEH0314,OD,0.8653857246689745,5.053998489466178,17.745850318471334,0.908170078214357,manual_review,mask_dropout;reference_mabe_above_operational_limit
corrected_biplanar,corrected,True,BEH0314,OS,0.8723472700233751,4.7760306379894715,14.972105590062107,0.9046754087454889,manual_review,mask_dropout
corrected_biplanar,corrected,True,BEH0335,OD,0.8913949182392099,14.339311472974977,55.89446230158726,0.8128409607133377,manual_review,mask_dropout;reference_mabe_above_operational_limit;reference_cup_iou_below_operational_limit
corrected_biplanar,corrected,True,BEH0335,OS,0.8717658960276077,18.80063783388724,55.33405970149252,0.8989071199959731,manual_review,reference_mabe_above_operational_limit;reference_cup_iou_below_operational_limit
legacy_biplanar,legacy_vertical_mirror,True,BEH0086,OD,0.9062548988061079,4.7564916977089124,16.756105491329475,0.9640634044063001,manual_review,mask_dropout
legacy_biplanar,legacy_vertical_mirror,True,BEH0086,OS,0.654607643864888,68.89568632103325,115.53913043478258,0.7362580834566769,manual_review,mask_dropout;biplanar_boundary_disagreement;reference_dice_below_operational_limit;reference_mabe_above_operational_limit;reference_cup_iou_below_operational_limit
legacy_biplanar,legacy_vertical_mirror,True,BEH0314,OD,0.8653857246689745,5.053998489466178,17.745850318471334,0.908170078214357,manual_review,mask_dropout;reference_mabe_above_operational_limit
legacy_biplanar,legacy_vertical_mirror,True,BEH0314,OS,0.6408997373360139,123.61982332114712,175.95486801242234,0.5925893488523151,manual_review,mask_dropout;biplanar_boundary_disagreement;reference_dice_below_operational_limit;reference_mabe_above_operational_limit;reference_cup_iou_below_operational_limit
legacy_biplanar,legacy_vertical_mirror,True,BEH0335,OD,0.8913949182392099,14.339311472974977,55.89446230158726,0.8128409607133377,manual_review,mask_dropout;reference_mabe_above_operational_limit;reference_cup_iou_below_operational_limit
legacy_biplanar,legacy_vertical_mirror,True,BEH0335,OS,0.6035966936250913,354.1316391344788,528.419401119403,0.819461060348867,manual_review,mask_dropout;biplanar_boundary_disagreement;reference_dice_below_operational_limit;reference_mabe_above_operational_limit;reference_cup_iou_below_operational_limit
corrected_horizontal_only,corrected,False,BEH0086,OD,0.9062088011336991,5.311719544364843,17.7558901734104,0.9577525751359396,manual_review,mask_dropout;reference_mabe_above_operational_limit
corrected_horizontal_only,corrected,False,BEH0086,OS,0.8774203351853125,6.040215809462165,20.788406832298133,0.9385292002259332,manual_review,mask_dropout;reference_mabe_above_operational_limit
corrected_horizontal_only,corrected,False,BEH0314,OD,0.8628276510955234,5.79119915434225,19.65495859872611,0.9200062597554037,manual_review,mask_dropout;reference_mabe_above_operational_limit
corrected_horizontal_only,corrected,False,BEH0314,OS,0.8702700259567253,6.180138443872586,19.738574534161486,0.9128611562730579,manual_review,mask_dropout;reference_mabe_above_operational_limit
corrected_horizontal_only,corrected,False,BEH0335,OD,0.8904918263125783,16.83715753977047,57.22549206349205,0.7302509045951117,manual_review,surface_order_violation;mask_dropout;reference_mabe_above_operational_limit;reference_cup_iou_below_operational_limit
corrected_horizontal_only,corrected,False,BEH0335,OS,0.8653481848152027,27.091529261649153,88.16684701492537,0.8702502964671229,manual_review,surface_order_violation;reference_mabe_above_operational_limit;reference_cup_iou_below_operational_limit
native_biplanar,native,True,BEH0086,OD,0.9062548988061079,4.7564916977089124,16.756105491329475,0.9640634044063001,manual_review,mask_dropout
native_biplanar,native,True,BEH0086,OS,0.8744293188775639,6.450087763189927,20.644462732919255,0.9399177938531691,manual_review,mask_dropout;reference_mabe_above_operational_limit
native_biplanar,native,True,BEH0314,OD,0.8653857246689745,5.053998489466178,17.745850318471334,0.908170078214357,manual_review,mask_dropout;reference_mabe_above_operational_limit
native_biplanar,native,True,BEH0314,OS,0.8705148765803333,10.10731584534158,36.160677018633535,0.8968067701908204,manual_review,mask_dropout;reference_mabe_above_operational_limit;reference_cup_iou_below_operational_limit
native_biplanar,native,True,BEH0335,OD,0.8913949182392099,14.339311472974977,55.89446230158726,0.8128409607133377,manual_review,mask_dropout;reference_mabe_above_operational_limit;reference_cup_iou_below_operational_limit
native_biplanar,native,True,BEH0335,OS,0.8681424689577665,58.77527077482769,152.61486940298508,0.8428191685919585,manual_review,biplanar_boundary_disagreement;reference_mabe_above_operational_limit;reference_cup_iou_below_operational_limit
